0,1
4.72783,50.834159
4.726833,50.832516
4.721282,50.833187
4.728865,50.834252
4.729365,50.83484
4.728871,50.836249
4.74674,50.83393
4.74645,50.833669
4.74538,50.833878
4.74129,50.834302
4.740313,50.83444
4.739611,50.834664
4.738372,50.83519
4.737535,50.835697
4.735334,50.837148
4.73352,50.838392
4.76084,50.838505
4.766132,50.837347
4.743214,50.838524
4.743595,50.837759
4.74411,50.837007
4.744534,50.836592
4.745179,50.836099
4.745402,50.835856
4.745509,50.835663
4.745584,50.835413
4.745689,50.835183
4.745805,50.835004
4.746006,50.834727
4.746196,50.834473
4.746427,50.834036
4.746584,50.833991
4.747136,50.834902
4.746606,50.832921
4.746709,50.832676
4.746851,50.832486
4.748023,50.83193
4.748836,50.831715
4.749632,50.831408
4.752426,50.830216
4.752751,50.830021
4.753425,50.829312
4.753336,50.829275
4.753073,50.829215
4.752868,50.829216
4.752769,50.829213
4.75267,50.829172
4.752458,50.827893
4.752462,50.827788
4.752487,50.827704
4.752536,50.827646
4.752595,50.827594
4.752649,50.827561
4.7527,50.827511
4.752701,50.827444
4.752677,50.82735
4.752647,50.827172
4.752636,50.827101
4.75265,50.827029
4.752662,50.826987
4.752712,50.826927
4.753431,50.826799
4.753652,50.826773
4.753836,50.826773
4.756159,50.827322
4.756176,50.827381
4.756177,50.827466
4.756293,50.827675
4.756133,50.825679
4.757252,50.824467
4.757631,50.823541
4.757975,50.821159
4.758321,50.818618
4.760623,50.821374
4.760332,50.82254
4.759425,50.827235
4.759197,50.827442
4.759097,50.82788
4.744819,50.831727
4.747237,50.83383
4.754729,50.83721
4.763218,50.827108
4.763056,50.827139
4.763014,50.827107
4.760902,50.827515
4.760774,50.827547
4.760324,50.827767
4.759937,50.827914
4.759724,50.827925
4.763009,50.827065
4.763036,50.827033
4.763091,50.827013
4.763156,50.827016
4.763203,50.827038
4.763226,50.827077
4.720814,50.83359
4.721051,50.822749
4.720982,50.820168
4.727432,50.805974
4.72969,50.806426
4.735593,50.805904
4.734719,50.807525
4.734481,50.808383
4.741841,50.814222
4.739522,50.817006
4.741926,50.819498
4.742852,50.82591
4.743677,50.827862
4.745811,50.827546
4.746703,50.827459
4.747581,50.82679
4.749398,50.826681
4.751218,50.827032
4.754511,50.821782
4.751338,50.820137
4.750928,50.818847
4.751993,50.817221
4.75202,50.816452
4.751476,50.815226
4.747061,50.812078
4.746006,50.810177
4.745662,50.805436
4.728071,50.800244
4.724085,50.805542
4.723906,50.807057
4.722117,50.807993
4.721277,50.809066
4.734788,50.809903
4.745551,50.806245
4.747778,50.813704
4.720946,50.832623
4.720627,50.832058
4.76019,50.835606
4.760278,50.835429
4.760093,50.834802
4.759898,50.834498
4.75974,50.834321
4.759272,50.833908
4.75915,50.83375
4.759078,50.833487
4.759082,50.832389
4.759564,50.830058
4.759704,50.82973
4.759892,50.829335
4.760014,50.829043
4.760105,50.82886
4.760135,50.828721
4.76016,50.828575
4.760154,50.828435
4.760141,50.828313
4.760074,50.828179
4.759193,50.827979
4.759694,50.835726
4.759453,50.835532
4.759212,50.835385
4.75892,50.835308
4.758603,50.835223
4.758268,50.834938
4.758099,50.834767
4.757819,50.83457
4.75826,50.832335
4.757015,50.832274
4.756479,50.832044
4.756017,50.831896
4.759805,50.82991
4.759906,50.829995
4.758753,50.82997
4.758044,50.829905
4.757773,50.829878
4.757639,50.829717
4.757214,50.828614
4.757205,50.827721
4.759247,50.827883
4.75943,50.827343
4.759564,50.827195
4.759794,50.827046
4.760075,50.826914
4.759952,50.827369
4.759358,50.827423
4.757541,50.824054
4.758298,50.818096
4.758101,50.817668
4.755877,50.815707
4.755697,50.815469
4.75547,50.814799
4.754494,50.814488
4.754505,50.815577
4.754649,50.815382
4.754781,50.815279
4.754934,50.815176
4.75699,50.813658
4.760809,50.812712
4.762672,50.812597
4.764957,50.812153
4.759755,50.830065
4.756107,50.826838
4.757429,50.824241
4.766728,50.823524
4.726773,50.830699
4.726806,50.830132
4.726983,50.828899
4.72775,50.826635
4.731086,50.827633
4.730342,50.827488
4.729566,50.827225
4.726289,50.826052
4.730639,50.828502
4.724229,50.829502
4.724311,50.82852
4.724583,50.828141
4.724942,50.827922
4.725171,50.827782
4.725553,50.827086
4.725644,50.826542
4.726752,50.831161
4.728066,50.830947
4.72885,50.831063
4.729272,50.831421
4.729854,50.831614
4.730373,50.831542
4.730944,50.831227
4.731643,50.830676
4.731998,50.830221
4.730049,50.829937
4.730513,50.829275
4.729124,50.829847
4.729168,50.830254
4.729204,50.830487
4.728962,50.830492
4.728997,50.830734
4.728843,50.830739
4.72944,50.828855
4.72939,50.828645
4.729584,50.828675
4.729597,50.828753
4.729179,50.829433
4.724547,50.830787
4.723127,50.830366
4.72168,50.83007
4.726763,50.83159
4.727799,50.826569
4.727332,50.833195
4.724285,50.83354
4.729731,50.830497
4.727899,50.829119
4.728181,50.828616
4.722147,50.828059
4.731813,50.828224
4.732039,50.828428
4.731852,50.828973
4.731736,50.829177
4.731762,50.829364
4.732017,50.829788
4.73231,50.828452
4.727686,50.826518
4.728159,50.825463
4.728523,50.825012
4.729252,50.824382
4.729462,50.823245
4.730878,50.82328
4.729899,50.825924
4.730911,50.825589
4.731126,50.827381
4.731441,50.826189
4.731146,50.825889
4.734865,50.834643
4.731483,50.834752
4.729552,50.834842
4.73208,50.837198
4.729533,50.833993
4.754185,50.81443
4.753287,50.814789
4.753065,50.814875
4.752759,50.814891
4.751567,50.814741
4.750834,50.814857
4.723079,50.812395
4.724651,50.813231
4.726833,50.8142
4.727089,50.814372
4.729173,50.814529
4.735777,50.814933
4.741141,50.815314
4.753559,50.816947
4.753108,50.819458
4.752996,50.821174
4.751853,50.82349
4.750446,50.824855
4.750079,50.825398
4.749077,50.826152
4.748705,50.826391
4.746989,50.828596
4.744872,50.813155
4.73411,50.828502
4.733977,50.827603
4.735028,50.828456
4.726237,50.825282
4.725365,50.824856
4.723115,50.823662
4.722128,50.8231
4.73198,50.82872
4.731561,50.82805
4.722053,50.820183
4.721718,50.819274
4.721691,50.818623
4.721584,50.818254
4.754883,50.837163
4.756225,50.836869
4.756362,50.83682
4.757495,50.83625
4.757693,50.836231
4.758732,50.836105
4.760778,50.835211
4.761819,50.834956
4.763396,50.83468
4.763605,50.834991
4.765069,50.835505
4.74376,50.827019
4.745657,50.827236
4.763748,50.835263
4.763284,50.834463
4.731405,50.830121
4.73272,50.827608
4.727911,50.82585
4.731701,50.825774
4.731914,50.825521
4.73271,50.824495
4.73296,50.824262
4.734114,50.823698
4.734547,50.82392
4.734459,50.824089
4.734515,50.82425
4.734307,50.824455
4.734307,50.824598
4.734165,50.824651
4.733658,50.824642
4.734408,50.823519
4.742057,50.819777
4.740798,50.818019
4.733289,50.824249
4.739145,50.817439
4.729324,50.824262
4.746989,50.828753
4.746859,50.829305
4.746961,50.830367
4.747171,50.831638
4.747578,50.83208
4.747509,50.833807
4.747795,50.833839
4.748223,50.834017
4.748668,50.834368
4.74638,50.83373
4.73001,50.82993
4.72991,50.830248
4.729782,50.831082
4.729391,50.83151
4.72956,50.831553
4.729116,50.831241
4.72994,50.831697
4.730017,50.831889
4.730099,50.832035
4.72638,50.830146
4.725202,50.829743
4.729351,50.828713
4.728286,50.828608
4.72836,50.82865
4.728297,50.828737
4.728174,50.82879
4.728078,50.828803
4.727029,50.823155
4.72616,50.823113
4.72243,50.822874
4.721844,50.822891
4.721729,50.822919
4.726792,50.824019
4.726341,50.825053
4.726553,50.819401
4.73196,50.82146
4.72628,50.818995
4.726257,50.817841
4.726252,50.817768
4.72665,50.81778
4.726345,50.817561
4.7266,50.81748
4.726787,50.817375
4.72633,50.817372
4.725732,50.817765
4.725154,50.817576
4.724434,50.817268
4.722784,50.816694
4.721646,50.816394
4.721429,50.816204
4.721366,50.817625
4.72351,50.828021
4.725337,50.827362
4.732465,50.824741
4.732369,50.820761
4.736797,50.821847
4.734978,50.821197
4.764358,50.838287
4.764538,50.838154
4.725443,50.805799
4.745567,50.806336
4.757296,50.813322
4.756799,50.81227
4.759893,50.8073
4.760256,50.805056
4.760663,50.804028
4.762682,50.801778
4.749176,50.834678
4.750567,50.835401
4.751038,50.835613
4.751713,50.835971
4.752702,50.836243
4.753549,50.836744
4.754104,50.836981
4.720684,50.832172
4.721476,50.833674
4.72153,50.833823
4.721578,50.834102
4.721609,50.834183
4.721652,50.834226
4.721933,50.834341
4.722034,50.834362
4.722222,50.834353
4.723099,50.834171
4.72355,50.834058
4.724088,50.83385
4.724414,50.833803
4.724673,50.833836
4.72501,50.833898
4.725928,50.834154
4.726239,50.83422
4.726792,50.834238
4.727428,50.834252
4.727615,50.834204
4.728302,50.834129
4.728657,50.83419
4.729437,50.835075
4.729448,50.835345
4.729284,50.835621
4.728915,50.836405
4.729065,50.836715
4.729317,50.837257
4.729514,50.83761
4.729664,50.837768
4.730245,50.83807
4.73063,50.838316
4.730688,50.8327
4.731157,50.833756
4.721299,50.833218
4.721685,50.834251
4.724281,50.833805
4.725796,50.834109
4.723871,50.832663
4.741397,50.814768
4.741676,50.814734
4.742519,50.814987
4.743864,50.815395
4.744631,50.815646
4.746286,50.816442
4.747962,50.814427
4.748112,50.814195
4.748426,50.804459
4.751984,50.806734
4.751386,50.808855
4.751509,50.814965
4.751493,50.81567
4.747379,50.817031
4.74966,50.81822
4.730474,50.814165
4.731371,50.813629
4.732225,50.813055
4.733323,50.812196
4.73351,50.811965
4.734248,50.810246
4.729036,50.802995
4.729696,50.802622
4.730274,50.802773
4.725103,50.818743
4.725204,50.818762
4.725035,50.819244
4.724925,50.819226
4.747666,50.814824
4.741173,50.814936
4.740629,50.815207
4.743616,50.813555
4.727534,50.816978
4.728178,50.816497
4.729036,50.815779
4.729669,50.815148
4.730191,50.81459
4.738209,50.810683
4.727886,50.81444
4.727534,50.815162
4.727244,50.815663
4.726976,50.816138
4.726553,50.81695
4.734342,50.809874
4.735345,50.806905
4.735623,50.806389
4.767459,50.820526
4.767013,50.820026
4.766479,50.819974
4.761607,50.820335
4.761288,50.820482
4.760752,50.820903
4.763206,50.83419
4.762663,50.832546
4.761732,50.832362
4.76047,50.829074
4.760705,50.829202
4.760796,50.829028
4.768185,50.831736
4.72378,50.817064
4.727656,50.836641
4.728889,50.836337
4.727718,50.835725
4.727348,50.834991
4.727041,50.834638
4.726553,50.837828
4.723176,50.838178
4.723426,50.837284
4.722661,50.835335
4.722312,50.834985
4.721717,50.834697
4.72312,50.837823
4.743644,50.83125
4.742985,50.830894
4.734617,50.83126
4.739728,50.834449
4.739796,50.834602
4.740048,50.834424
4.740006,50.833264
4.731066,50.831119
4.732474,50.831242
4.737569,50.830953
4.740754,50.806132
4.739738,50.807732
4.737884,50.81132
4.73486,50.804368
4.734252,50.804254
4.734097,50.804239
4.733745,50.804235
4.733474,50.804176
4.733381,50.804096
4.733322,50.803856
4.733405,50.803539
4.733504,50.803272
4.733622,50.803066
4.733732,50.802769
4.733888,50.80251
4.733973,50.802355
4.734177,50.802023
4.734309,50.801833
4.734346,50.801681
4.734555,50.801394
4.734775,50.80116
4.734966,50.800947
4.73517,50.80077
4.735639,50.800509
4.735856,50.800384
4.736008,50.800253
4.736143,50.800105
4.748511,50.803915
4.749962,50.802403
4.751509,50.801301
4.752675,50.800215
4.762075,50.802404
4.73629,50.799843
4.724241,50.833404
4.721706,50.83466
4.721622,50.834336
4.721349,50.833322
4.752141,50.827015
4.754535,50.828681
4.723889,50.830588
4.755794,50.827802
4.75571,50.827861
4.753946,50.827221
4.75449,50.827486
4.754275,50.827149
4.754367,50.827035
4.754081,50.827399
4.754475,50.826899
4.752465,50.828005
4.755087,50.827321
4.75417,50.827281
4.753451,50.827936
4.755249,50.827206
4.754939,50.827435
4.75538,50.827097
4.747243,50.827117
4.747908,50.826621
4.737862,50.835472
4.743743,50.830288
4.765738,50.824277
4.766728,50.811799
4.766574,50.804468
4.767532,50.805735
4.766252,50.811539
4.766067,50.804426
4.764445,50.804194
4.76678,50.804505
4.766776,50.804321
4.765587,50.804381
4.767267,50.811874
4.760949,50.803656
4.763481,50.826682
4.764382,50.82008
4.764872,50.82005
4.767119,50.823296
4.753608,50.821535
4.755335,50.822524
4.756987,50.823164
4.757552,50.823521
4.737177,50.828236
4.745485,50.827087
4.737889,50.828225
4.743637,50.826958
4.74556,50.82757
4.735326,50.828449
4.736312,50.828343
4.735856,50.828397
4.736858,50.828269
4.743282,50.800382
4.744381,50.804646
4.743578,50.801809
4.743519,50.801365
4.74383,50.802728
4.743433,50.800843
4.72677,50.832206
4.73205,50.838136
4.730761,50.838472
4.728081,50.834123
4.722963,50.836264
4.730684,50.833876
4.729378,50.835509
4.730547,50.838247
4.731999,50.836901
4.727644,50.835432
4.727565,50.833565
4.723199,50.837666
4.729043,50.834417
4.722726,50.835563
4.731041,50.834028
4.728897,50.836067
4.731314,50.834179
4.726265,50.838167
4.72318,50.838487
4.732116,50.837802
4.730396,50.838146
4.727071,50.834463
4.723455,50.837121
4.729453,50.835197
4.729795,50.837851
4.731729,50.836231
4.727542,50.836774
4.72746,50.833359
4.723136,50.838005
4.72983,50.833924
4.728486,50.834146
4.722805,50.835839
4.73094,50.83398
4.728987,50.835891
4.727037,50.832854
4.732121,50.837509
4.729911,50.83791
4.727031,50.834545
4.723456,50.837199
4.730564,50.833826
4.729305,50.834736
4.72272,50.835463
4.72945,50.837514
4.731469,50.834603
4.72834,50.836407
4.723193,50.838336
4.726795,50.83238
4.726922,50.832683
4.733122,50.8347
4.726806,50.837555
4.730508,50.83242
4.727551,50.835243
4.730406,50.832316
4.731031,50.833251
4.727015,50.837336
4.730261,50.832203
4.727609,50.835344
4.747371,50.835665
4.738911,50.834903
4.744308,50.836788
4.739841,50.834427
4.734147,50.837956
4.743786,50.837403
4.740077,50.834552
4.73812,50.835314
4.735097,50.834634
4.72718,50.834797
4.731572,50.835304
4.733489,50.838419
4.727412,50.836912
4.73162,50.835589
4.731689,50.835999
4.731506,50.831218
4.734739,50.837553
4.733078,50.831248
4.73442,50.83777
4.731613,50.835548
4.730904,50.833012
4.730678,50.831416
4.733896,50.831303
4.727668,50.835527
4.753094,50.836458
4.765897,50.832916
4.752213,50.836092
4.764076,50.83368
4.764,50.835852
4.764364,50.837131
4.762884,50.837221
4.754124,50.802095
4.722135,50.822875
4.743811,50.819725
4.733243,50.824608
4.727774,50.800737
4.752907,50.801088
4.731904,50.829571
4.730662,50.820625
4.721548,50.828092
4.729402,50.823358
4.732147,50.805928
4.740455,50.802179
4.729277,50.82705
4.727196,50.834349
4.752733,50.800391
4.734464,50.824314
4.723087,50.805186
4.750802,50.803908
4.732396,50.806987
4.751113,50.801591
4.728596,50.830998
4.729819,50.819057
4.724217,50.829049
4.760073,50.806821
4.730514,50.827481
4.728246,50.806054
4.758315,50.805404
4.732895,50.804667
4.730983,50.827567
4.725936,50.826075
4.732345,50.80643
4.749642,50.802696
4.730629,50.820218
4.724526,50.82818
4.73399,50.809857
4.730677,50.828529
4.732144,50.805174
4.733548,50.824642
4.739999,50.801876
4.726095,50.825929
4.731552,50.825961
4.734251,50.823719
4.753233,50.801429
4.731723,50.829269
4.730164,50.819572
4.734564,50.824007
4.754004,50.814442
4.725922,50.805862
4.759838,50.8066
4.732681,50.80483
4.73205,50.830011
4.728989,50.818612
4.741325,50.802828
4.725692,50.826357
4.728479,50.826809
4.752066,50.816846
4.726891,50.81792
4.755045,50.80283
4.733178,50.804297
4.746023,50.80541
4.726156,50.825495
4.753379,50.802703
4.751796,50.801015
4.731358,50.830893
4.727867,50.818293
4.726063,50.825258
4.724698,50.828052
4.753729,50.80179
4.735036,50.804388
4.747308,50.805051
4.721979,50.823027
4.730668,50.827488
4.733226,50.824463
4.750143,50.80422
4.732317,50.80686
4.752863,50.800937
4.731945,50.828316
4.730649,50.820525
4.722827,50.828015
4.728906,50.824705
4.752244,50.811605
4.733668,50.81155
4.732076,50.805576
4.748684,50.803567
4.745557,50.80618
4.741394,50.818744
4.728884,50.826918
4.728257,50.828793
4.752416,50.800442
4.730569,50.820088
4.734392,50.82436
4.721764,50.804902
4.726004,50.825907
4.732331,50.805002
4.750289,50.802116
4.732041,50.829894
4.729606,50.818981
4.729086,50.830063
4.760095,50.80668
4.751689,50.81471
4.729072,50.806144
4.75684,50.804211
4.732939,50.804504
4.7283,50.799802
4.74534,50.805283
4.726114,50.825317
4.731391,50.8279
4.725795,50.826201
4.732341,50.806132
4.749288,50.802983
4.728664,50.818486
4.726794,50.830271
4.754382,50.802321
4.733456,50.804271
4.749092,50.804701
4.734509,50.824186
4.739503,50.801582
4.726171,50.825992
4.745882,50.819637
4.733443,50.824628
4.752995,50.801227
4.731821,50.829469
4.729978,50.819296
4.721846,50.828061
4.728318,50.823167
4.724226,50.828778
4.759362,50.806233
4.732807,50.804746
4.731797,50.830555
4.74228,50.803429
4.730748,50.820709
4.752805,50.800697
4.752064,50.803339
4.732292,50.807292
4.75213,50.80074
4.730549,50.831491
4.727468,50.818184
4.7242,50.829375
4.729955,50.827435
4.726427,50.8059
4.753491,50.801618
4.749545,50.804525
4.726154,50.826036
4.732348,50.806682
4.750689,50.801857
4.73111,50.827505
4.730629,50.820365
4.728316,50.825227
4.746593,50.81109
4.732073,50.805341
4.736654,50.800061
4.726037,50.825818
4.731303,50.826787
4.751972,50.800884
4.730842,50.827517
4.730416,50.819874
4.734466,50.824131
4.749123,50.804718
4.724806,50.805704
4.759927,50.806667
4.72427,50.829525
4.732579,50.804897
4.732039,50.830119
4.729288,50.818801
4.738466,50.800999
4.724048,50.828066
4.73202,50.828527
4.75178,50.816049
4.72713,50.818054
4.755966,50.803509
4.736459,50.799952
4.732997,50.804366
4.744989,50.805066
4.726149,50.825362
4.754275,50.802227
4.74857,50.80373
4.731915,50.830416
4.728332,50.81839
4.720915,50.828189
4.7488,50.836262
4.747903,50.836384
4.746057,50.833816
4.746217,50.834148
4.746053,50.833977
4.746094,50.834331
4.727374,50.830975
4.727678,50.830939
4.721405,50.836746
4.721064,50.837059
4.721674,50.835989
4.721671,50.836233
4.726484,50.837909
4.726572,50.837987
4.720688,50.837299
4.762505,50.827234
4.763107,50.82715
4.76001,50.828086
4.759153,50.827956
4.763406,50.827144
4.75917,50.827872
4.76008,50.827882
4.763175,50.82714
4.721475,50.818044
4.753671,50.81673
4.751038,50.819908
4.753204,50.818415
4.768181,50.820696
4.750871,50.819652
4.76793,50.820649
4.766877,50.819988
4.767595,50.82058
4.757732,50.817265
4.763547,50.816753
4.766309,50.819342
4.751885,50.820591
4.767271,50.820318
4.75232,50.820883
4.763402,50.816389
4.767105,50.820101
4.746525,50.8335
4.746636,50.833759
4.731998,50.838394
4.735855,50.834605
4.735427,50.834621
4.738344,50.834489
4.74102,50.832282
4.735353,50.834624
4.745799,50.832018
4.758308,50.82778
4.751278,50.830694
4.749585,50.834887
4.750813,50.830896
4.753481,50.829916
4.743881,50.830097
4.745267,50.828081
4.753673,50.829154
4.755755,50.827189
4.746285,50.832223
4.745084,50.828456
4.743408,50.830626
4.746002,50.832093
4.744687,50.827705
4.761374,50.827434
4.744668,50.829001
4.759502,50.827264
4.759436,50.830594
4.751213,50.830723
4.764976,50.818225
4.755952,50.827724
4.752594,50.830127
4.763698,50.817153
4.76599,50.819016
4.766106,50.823952
4.766265,50.819262
4.765565,50.818663
4.765855,50.818868
4.766381,50.81997
4.764665,50.817914
4.764503,50.817782
4.765281,50.818478
4.75982,50.827925
4.766291,50.819296
4.767372,50.820448
4.763636,50.817038
4.765928,50.818939
4.760549,50.827648
4.765079,50.818336
4.766137,50.819165
4.760205,50.82783
4.748546,50.8318
4.763771,50.817291
4.765733,50.818773
4.767215,50.820236
4.752949,50.829836
4.76405,50.817506
4.765161,50.8184
4.765561,50.820003
4.764742,50.81798
4.763249,50.826907
4.758154,50.813358
4.756818,50.812161
4.760552,50.812747
4.756821,50.812399
4.756914,50.812562
4.760342,50.812793
4.756895,50.812019
4.759373,50.813086
4.759854,50.812935
4.762301,50.820273
4.758223,50.81788
4.763003,50.82023
4.767527,50.82056
4.760678,50.821141
4.76419,50.820099
4.757943,50.817462
4.761428,50.820394
4.76597,50.819981
4.758337,50.818362
4.760837,50.820832
4.761355,50.820438
4.761501,50.82036
4.763569,50.820179
4.755774,50.815594
4.760523,50.821904
4.764634,50.820065
4.761998,50.827324
4.764981,50.820043
4.760414,50.822243
4.7306,50.829003
4.763564,50.838133
4.763492,50.837953
4.766198,50.837523
4.751426,50.814806
4.752294,50.822545
4.750308,50.825149
4.751641,50.823774
4.749052,50.826609
4.748873,50.826523
4.748924,50.826728
4.748577,50.826429
4.750743,50.824525
4.749044,50.826682
4.749012,50.826553
4.746896,50.828115
4.763362,50.812463
4.763738,50.812979
4.765364,50.81196
4.767911,50.815717
4.758164,50.812111
4.758078,50.812331
4.758051,50.812108
4.758212,50.81225
4.757424,50.811187
4.757509,50.811216
4.758233,50.812165
4.758551,50.813269
4.740579,50.830779
4.741415,50.830787
4.742827,50.830946
4.742448,50.830699
4.746952,50.830268
4.74847,50.830143
4.747252,50.830252
4.747542,50.830133
4.727068,50.80225
4.766621,50.824197
4.767361,50.82437
4.767085,50.82462
4.767055,50.824319
4.767025,50.824553
4.765473,50.824558
4.767761,50.824
4.767902,50.823649
4.757077,50.812868
4.758876,50.808902
4.763775,50.808132
4.764834,50.810816
4.764925,50.811004
4.76503,50.810587
4.764791,50.810625
4.764928,50.810923
4.764849,50.812174
4.764853,50.811123
4.762875,50.827142
4.726891,50.829488
4.727158,50.828347
4.762503,50.832474
4.759082,50.832422
4.76334,50.832722
4.763157,50.832588
4.762699,50.832656
4.761465,50.833368
4.76803,50.835653
4.757359,50.835076
4.764234,50.835307
4.758147,50.836183
4.763281,50.832636
4.757708,50.835354
4.761117,50.833362
4.757708,50.835588
4.762904,50.833251
4.760916,50.833003
4.721273,50.836903
4.721809,50.834309
4.722531,50.835147
4.72158,50.836509
4.720557,50.828235
4.722014,50.834823
4.720795,50.835
4.766589,50.823613
4.764538,50.82315
4.76598,50.823221
4.764604,50.822618
4.760299,50.822872
4.766376,50.819933
4.720905,50.83255
4.722135,50.828898
4.741767,50.827931
4.741707,50.82772
4.74155,50.827172
4.741102,50.827836
4.741309,50.82775
4.741765,50.827804
4.741768,50.827982
4.741837,50.827844
4.725705,50.825052
4.730984,50.825721
4.731811,50.830539
4.72804,50.825649
4.730222,50.82969
4.726482,50.824732
4.72413,50.830673
4.723215,50.830391
4.721863,50.829709
4.731439,50.827942
4.723659,50.830521
4.725825,50.830818
4.724867,50.824592
4.726307,50.825128
4.729749,50.830695
4.724808,50.830818
4.760908,50.837011
4.76101,50.836996
4.760295,50.836543
4.764368,50.822595
4.762621,50.82242
4.762482,50.82401
4.764429,50.824051
4.722494,50.807654
4.724911,50.802859
4.725104,50.803578
4.722292,50.80193
4.724069,50.806573
4.723712,50.80118
4.732464,50.804218
4.724164,50.801487
4.724825,50.802127
4.7247,50.801772
4.722578,50.801674
4.728055,50.803866
4.729049,50.804034
4.732378,50.804215
4.733043,50.804236
4.723469,50.807401
4.721674,50.80251
4.725618,50.804005
4.726499,50.803975
4.727439,50.803955
4.724333,50.80164
4.723077,50.807555
4.722808,50.800337
4.722487,50.80005
4.730683,50.804202
4.724032,50.809247
4.724868,50.803117
4.72931,50.804085
4.72321,50.818334
4.723569,50.818396
4.723432,50.812596
4.731827,50.812414
4.729212,50.812768
4.730688,50.812446
4.733109,50.812393
4.731319,50.812457
4.730031,50.812568
4.733061,50.814751
4.730511,50.818293
4.732576,50.812316
4.730221,50.818693
4.746602,50.816128
4.73809,50.818585
4.738433,50.817961
4.738139,50.818279
4.738735,50.809624
4.74582,50.810362
4.745552,50.810813
4.745295,50.811117
4.744849,50.811758
4.744823,50.81209
4.74479,50.812382
4.744839,50.812646
4.744773,50.81312
4.745016,50.811487
4.738697,50.817764
4.731154,50.827694
4.76007,50.828931
4.76064,50.829422
4.76079,50.829491
4.760064,50.828942
4.760274,50.829004
4.760612,50.829118
4.76056,50.829212
4.753319,50.833515
4.752123,50.832925
4.749092,50.832566
4.748636,50.832385
4.74847,50.832139
4.753126,50.833443
4.751404,50.832146
4.753582,50.833751
4.7488,50.832524
4.751458,50.832383
4.751603,50.832559
4.748348,50.831849
4.752708,50.833027
4.736538,50.813647
4.72849,50.808031
4.742198,50.81217
4.741297,50.811826
4.741371,50.809808
4.741133,50.805459
4.742015,50.805596
4.728416,50.808411
4.72832,50.808877
4.728219,50.809315
4.728161,50.809508
4.729951,50.809623
4.734084,50.810614
4.762654,50.832102
4.762702,50.832454
4.76208,50.831065
4.76135,50.830171
4.761817,50.830174
4.759038,50.8297
4.759687,50.829768
4.754562,50.829678
4.757684,50.829771
4.757257,50.828899
4.75598,50.828542
4.755565,50.828353
4.755726,50.828404
4.755252,50.828189
4.758448,50.838366
4.760458,50.837988
4.76002,50.838022
4.757472,50.834663
4.75733,50.834553
4.757496,50.83437
4.757295,50.834474
4.757621,50.835235
4.758962,50.835954
4.758335,50.836165
4.758303,50.836083
4.758784,50.835937
4.759031,50.836029
4.757744,50.824919
4.757615,50.824951
4.756961,50.824768
4.757784,50.82483
4.756423,50.825323
4.757232,50.836332
4.756378,50.83748
4.755941,50.836933
4.756708,50.836633
4.756383,50.837658
4.757102,50.835952
4.751301,50.830953
4.737994,50.804908
4.742446,50.803525
4.746742,50.809848
4.739025,50.809077
4.742558,50.806208
4.745898,50.809117
4.745774,50.807938
4.73774,50.804863
4.735507,50.806718
4.730112,50.806567
4.732297,50.801444
4.726438,50.803012
4.732175,50.80146
4.740147,50.801975
4.734767,50.831247
4.741789,50.83075
4.768196,50.811887
4.751551,50.806261
4.751955,50.806995
4.751449,50.80919
4.751691,50.807398
4.752203,50.811078
4.751708,50.809915
4.745993,50.81019
4.72186,50.834444
4.721682,50.834557
4.7217,50.83576
4.721758,50.834475
4.721978,50.834421
4.736216,50.809996
4.722846,50.818305
4.723113,50.818767
4.721662,50.819061
4.724762,50.819706
4.722067,50.829239
4.722039,50.829295
4.733942,50.818021
4.733185,50.819341
4.740626,50.816347
4.740342,50.816158
4.744363,50.829378
4.743955,50.831392
4.746207,50.8338
4.74193,50.817256
4.741704,50.817147
4.741415,50.816917
4.741221,50.816754
4.740948,50.816574
4.743153,50.817852
4.74289,50.817771
4.742321,50.817503
4.740131,50.816071
4.743298,50.817973
4.742434,50.817591
4.72998,50.831588
4.729741,50.831575
4.74231,50.830684
4.720834,50.828431
4.720785,50.828757
4.720821,50.828842
4.720897,50.828898
4.728347,50.834571
4.728322,50.834595
4.728309,50.834618
4.728343,50.834688
4.72383,50.825304
4.723786,50.825319
4.724024,50.825325
4.724287,50.825376
4.724561,50.82546
4.723711,50.825472
4.72532,50.825633
4.726061,50.825753
4.720746,50.827473
4.72072,50.827555
4.72069,50.827585
4.720615,50.827612
4.735587,50.806592
4.724112,50.806159
4.735037,50.807254
4.723592,50.833248
4.723674,50.833408
4.723234,50.833501
4.723874,50.833755
4.723989,50.833888
4.721665,50.834277
4.721699,50.834626
4.722723,50.835519
4.722758,50.83554
4.723372,50.835663
4.722914,50.835728
4.722955,50.835732
4.720654,50.829935
4.722324,50.830184
4.727863,50.800611
4.727501,50.801124
4.729852,50.802597
4.730182,50.802775
4.729131,50.802987
4.733063,50.801556
4.732586,50.801565
4.733527,50.801626
4.733904,50.801697
4.734259,50.801771
4.744292,50.804595
4.748804,50.826432
4.730645,50.832959
4.730608,50.833285
4.730467,50.833832
4.752475,50.83019
4.752592,50.830291
4.752586,50.830318
4.752327,50.830423
4.752129,50.830424
4.751848,50.830527
4.751802,50.830552
4.751817,50.830616
4.75189,50.830755
4.740569,50.832659
4.740121,50.833044
4.739959,50.833377
4.739981,50.833535
4.740087,50.834164
4.739525,50.834448
4.739601,50.83447
4.739639,50.834496
4.739687,50.834534
4.75928,50.827367
4.761986,50.802504
4.760299,50.804872
4.750973,50.820269
4.75077,50.820112
4.750702,50.82024
4.721903,50.834435
4.721654,50.834456
4.735252,50.823036
4.735792,50.823432
4.735394,50.823063
4.747761,50.826682
4.747005,50.827283
4.753059,50.829461
4.753034,50.829627
4.753266,50.829248
4.753074,50.829682
4.754861,50.82815
4.754706,50.828048
4.754273,50.828679
4.754992,50.828375
4.753239,50.829473
4.754378,50.828772
4.750668,50.829409
4.750743,50.829304
4.750675,50.829349
4.750908,50.829278
4.759938,50.82642
4.76012,50.826768
4.757253,50.826227
4.757878,50.827479
4.756119,50.826042
4.756165,50.8256
4.756617,50.825907
4.756684,50.825898
4.755974,50.825288
4.756539,50.825991
4.756111,50.826239
4.757923,50.827523
4.757872,50.827741
4.755971,50.825249
4.757159,50.826122
4.757239,50.826161
4.75942,50.826152
4.76023,50.826255
4.759535,50.825956
4.760026,50.826232
4.759514,50.82598
4.760426,50.826272
4.760638,50.826127
4.759463,50.826038
4.760617,50.826109
4.760536,50.825964
4.759888,50.825969
4.760585,50.8262
4.75971,50.825943
4.760546,50.826047
4.760136,50.825922
4.76061,50.826166
4.760525,50.826281
4.759439,50.826066
4.759643,50.825934
4.759815,50.826208
4.760309,50.826021
4.760502,50.826042
4.759619,50.82618
4.760104,50.825998
4.753535,50.82789
4.752627,50.829092
4.749712,50.822662
4.747655,50.836133
4.747475,50.835874
4.748614,50.835732
4.754644,50.837244
4.755593,50.837892
4.762018,50.835424
4.76216,50.832419
4.752657,50.829148
4.750186,50.821238
4.749939,50.822381
4.746748,50.826293
4.747424,50.826557
4.747541,50.826731
4.721095,50.802456
4.733746,50.806539
4.749011,50.814428
4.766386,50.804443
4.763344,50.827796
4.750522,50.820468
4.763317,50.827127
4.762824,50.827789
4.755928,50.815338
4.756118,50.815224
4.755662,50.815365
4.75614,50.816816
4.756523,50.81625
4.767546,50.803742
4.768195,50.803515
4.766913,50.804044
4.767873,50.803647
4.74949,50.818134
4.721159,50.817338
4.748279,50.817495
4.738847,50.809413
4.7478,50.831999
4.754838,50.828478
4.760981,50.833285
4.728626,50.80284
4.746817,50.834119
4.74582,50.833838
4.746198,50.834073
4.746495,50.833595
4.746548,50.833336
4.746041,50.833901
4.746049,50.833858
4.746605,50.833743
4.733103,50.820855
4.737809,50.821115
4.749561,50.81817
4.747864,50.819656
4.750063,50.821819
4.740799,50.834363
4.740056,50.83437
4.740055,50.834381
4.739965,50.834424
4.740173,50.834428
4.739776,50.834432
4.740341,50.834436
4.739673,50.834446
4.739434,50.834449
4.739337,50.83445
4.74022,50.834478
4.739689,50.834487
4.740157,50.834521
4.739727,50.834576
4.739672,50.834577
4.739628,50.834641
4.739645,50.834653
4.754768,50.826963
4.759125,50.827866
4.755978,50.832259
4.755894,50.832705
4.755874,50.832863
4.752439,50.83294
4.752599,50.832984
4.755894,50.833003
4.755883,50.833157
4.755928,50.833269
4.755946,50.833405
4.755967,50.833567
4.753838,50.833613
4.753405,50.833646
4.75372,50.833678
4.73634,50.799875
4.726904,50.831115
4.732833,50.812653
4.744304,50.813376
4.742728,50.813808
4.751842,50.813496
4.752197,50.811824
4.756105,50.822822
4.749469,50.818123
4.732393,50.820721
4.731897,50.821421
4.721168,50.822778
4.730286,50.823265
4.726277,50.818879
4.721812,50.819528
